symbol,name,sector
AADI,Adaro Andalan Indonesia Tbk.,Energy
AALI,Astra Agro Lestari Tbk.,Consumer Non-Cyclicals
ABDA,Asuransi Bina Dana Arta Tbk.,
ABMM,ABM Investama Tbk.,
ACES,Aspirasi Hidup Indonesia Tbk.,Consumer Cyclicals
ACRO,Samcro Hyosung Adilestari Tbk.,
ACST,Acset Indonusa Tbk.,
ADES,Akasha Wira International Tbk.,
ADMF,Adira Dinamika Multi Finance Tb,Financials
ADMG,Polychem Indonesia Tbk,
ADMR,Alamtri Minerals Indonesia Tbk.,
ADRO,Alamtri Resources Indonesia Tbk,Energy
AEGS,Anugerah Spareparts Sejahtera T,
AGAR,Asia Sejahtera Mina Tbk.,
AGII,Samator Indo Gas Tbk.,
AGRO,Bank Raya Indonesia Tbk.,Financials
AGRS,Bank IBK Indonesia Tbk.,
AHAP,Asuransi Harta Aman Pratama Tbk,
AIMS,Artha Mahiya Investama Tbk.,
AISA,FKS Food Sejahtera Tbk.,Consumer Non-Cyclicals
AKKU,Anugerah Kagum Karya Utama Tbk.,
AKPI,Argha Karya Prima Industry Tbk.,
AKRA,AKR Corporindo Tbk,Energy
AKSI,Mineral Sumberdaya Mandiri Tbk.,
ALDO,Alkindo Naratama Tbk.,
ALII,Ancara Logistics Indonesia Tbk.,
ALKA,Alakasa Industrindo Tbk,
AMAG,Asuransi Multi Artha Guna Tbk,
AMAN,Makmur Berkah Amanda Tbk.,
AMAR,Bank Amar Indonesia Tbk.,
AMFG,Asahimas Flat Glass Tbk,
AMIN,Ateliers Mecaniques D Indonesie,
AMMN,Amman Mineral Internasional Tbk,Basic Materials
AMMS,Agung Menjangan Mas Tbk.,
AMOR,Ashmore Asset Management Indone,
AMRT,Sumber Alfaria Trijaya Tbk,Consumer Cyclicals
ANDI,Andira Agro Tbk.,
ANJT,Austindo Nusantara Jaya Tbk.,
ANTM,ANTAM (Persero) Tbk.,Basic Materials
APEX,Apexindo Pratama Duta Tbk.,
APIC,Pacific Strategic Financial Tbk,
APII,Arita Prima Indonesia Tbk.,
APLI,Asiaplast Industries Tbk,
APLN,Agung Podomoro Land Tbk.,Properties & Real Estate
ARCI,Archi Indonesia Tbk.,
AREA,Dunia Virtual Online Tbk.,
ARGO,Argo Pantes Tbk,
ARII,Atlas Resources Tbk.,
ARKO,Arkora Hydro Tbk.,
ARNA,Arwana Citramulia Tbk,Basic Materials
ARTA,Arthavest Tbk,
ARTO,Bank Jago Tbk.,Financials
ASBI,Asuransi Bintang Tbk,
ASDM,Asuransi Dayin MitraTbk,
ASGR,Astra Graphia Tbk,
ASHA,Cilacap Samudera Fishing Indust,
ASII,Astra International Tbk,Industrials
ASJT,Asuransi Jasa Tania Tbk,
ASLC,Autopedia Sukses Lestari Tbk.,
ASLI,Asri Karya Lestari Tbk.,
ASMI,Asuransi Maximus Graha Persada,
ASPI,Andalan Sakti Primaindo Tbk.,
ASPR,Asia Pramulia Tbk.,
ASRI,Alam Sutera Realty Tbk.,Properties & Real Estate
ASRM,Asuransi Ramayana Tbk,
ASSA,Adi Sarana Armada Tbk.,Transportation & Logistic
ATAP,Trimitra Prawara Goldland Tbk.,
ATIC,Anabatic Technologies Tbk.,
ATLA,Atlantis Subsea Indonesia Tbk.,
AUTO,Astra Otoparts Tbk,Consumer Cyclicals
AVIA,Avia Avian Tbk.,Basic Materials
AWAN,Era Digital Media Tbk.,
AXIO,Tera Data Indonusa Tbk.,
AYAM,Janu Putra Sejahtera Tbk.,
AYLS,Arkayana Lestari Grup Tbk.,
BABP,Bank MNC Internasional Tbk.,
BABY,Multitrend Indo Tbk.,
BACA,Bank Capital Indonesia Tbk.,
BACH,Bach Multi Global Tbk.,
BAIK,Bersama Mencapai Puncak Tbk.,
BAJA,Saranacentral Bajatama Tbk.,
BALI,Bali Towerindo Sentra Tbk.,
BANK,Bank Aladin Syariah Tbk.,Financials
BAPA,Bekasi Asri Pemula Tbk,
BAPI,Bhakti Agung Propertindo Tbk.,
BATR,Benteng Api Technic Tbk.,
BAUT,Mitra Angkasa Sejahtera Tbk.,
BAYU,Bayu Buana Tbk,
BBCA,Bank Central Asia Tbk,
BBHI,Allo Bank Indonesia Tbk.,Financials
BBKP,Bank KB Indonesia Tbk.,
BBLD,Buana Finance Tbk,
BBMD,Bank Mestika Dharma Tbk.,
BBNI,Bank Negara Indonesia  (Persero,Financials
BBRI,Bank Rakyat Indonesia (Persero),Financials
BBRM,Pelayaran Nasional Bina Buana R,
BBSI,Krom Bank Indonesia Tbk.,
BBSS,Bumi Benowo Sukses Sejahtera Tb,
BBTN,Bank Tabungan Negara (Persero),Financials
BBYB,Bank Neo Commerce Tbk.,Financials
BCAP,MNC Kapital Indonesia Tbk.,
BCIC,Bank JTrust Indonesia Tbk.,
BCIP,Bumi Citra Permai Tbk.,
BDKR,Berdikari Pondasi Perkasa Tbk.,
BDMN,Bank Danamon Indonesia Tbk.,Financials
BEEF,Estika Tata Tiara Tbk.,
BEER,Jobubu Jarum Minahasa Tbk.,
BEKS,Bank Pembangunan Daerah Banten,
BELI,Global Digital Niaga Tbk.,
BELL,Trisula Textile Industries Tbk.,
BESS,Batulicin Nusantara Maritim Tbk,
BEST,Bekasi Fajar Industrial Estate,Properties & Real Estate
BFIN,BFI Finance  Indonesia Tbk,Financials
BGTG,Bank Ganesha Tbk.,
BHIT,MNC Asia Holding Tbk.,
BINA,Bank Ina Perdana Tbk.,
BINO,Perma Plasindo Tbk.,
BIPI,Astrindo Nusantara Infrastruktu,
BIPP,Bhuwanatala Indah Permai Tbk.,
BIRD,Blue Bird Tbk.,Transportation & Logistic
BISI,BISI International Tbk,
BJBR,Bank Pembangunan Daerah Jawa Ba,Financials
BJTM,Bank Pembangunan Daerah Jawa Ti,Financials
BKDP,Bukit Darmo Property Tbk,
BKSL,Sentul City Tbk.,
BKSW,Bank QNB Indonesia Tbk.,
BLES,Superior Prima Sukses Tbk.,
BLOG,Trimitra Trans Persada Tbk.,
BLTA,Berlian Laju Tanker Tbk,
BLTZ,Graha Layar Prima Tbk.,
BLUE,Berkah Prima Perkasa Tbk.,
BMAS,Bank Kasikorn Indonesia Tbk.,
BMBL,Lavender Bina Cendikia Tbk.,
BMHS,Bundamedik Tbk.,
BMRI,Bank Mandiri (Persero) Tbk,Financials
BMSR,Bintang Mitra Semestaraya Tbk,
BMTR,Global Mediacom Tbk,
BNBA,Bank Bumi Arta Tbk,
BNBR,Bakrie & Brothers Tbk,
BNGA,Bank CIMB Niaga Tbk.,Financials
BNII,Bank Maybank Indonesia Tbk.,
BNLI,Bank Permata Tbk,
BOAT,Newport Marine Services Tbk.,
BOBA,Formosa Ingredient Factory Tbk.,
BOGA,Apollo Global Interactive Tbk.,
BOLA,Bali Bintang Sejahtera Tbk.,
BOLT,Garuda Metalindo Tbk.,
BPFI,Woori Finance Indonesia Tbk.,
BPII,Batavia Prosperindo Internasion,
BPTR,Batavia Prosperindo Trans Tbk.,
BRAM,Indo Kordsa Tbk,
BREN,Barito Renewables Energy Tbk.,
BRIS,Bank Syariah Indonesia (Persero,Financials
BRMS,Bumi Resources Minerals Tbk.,Basic Materials
BRNA,Berlina Tbk,
BRPT,Barito Pacific Tbk.,Basic Materials
BRRC,Raja Roti Cemerlang Tbk.,
BSBK,Wulandari Bangun Laksana Tbk.,
BSDE,Bumi Serpong Damai Tbk,Properties & Real Estate
BSIM,Bank Sinarmas Tbk.,
BSML,Bintang Samudera Mandiri Lines,
BSSR,Baramulti Suksessarana Tbk.,
BSWD,Bank Of India Indonesia Tbk.,
BTEK,Bumi Teknokultura Unggul Tbk,
BTON,Betonjaya Manunggal Tbk,
BTPN,Bank SMBC Indonesia Tbk.,
BTPS,Bank BTPN Syariah Tbk.,Financials
BUAH,Segar Kumala Indonesia Tbk.,
BUDI,Budi Starch & Sweetener Tbk.,
BUKA,Bukalapak.com Tbk.,Technology
BUKK,Bukaka Teknik Utama Tbk.,
BULL,Buana Lintas Lautan Tbk.,
BUMI,Bumi Resources Tbk,Energy
BUVA,Bukit Uluwatu Villa Tbk.,
BVIC,Bank Victoria International Tbk,
BWPT,Eagle High Plantations Tbk.,
BYAN,Bayan Resources Tbk,Energy
CAKK,Cahayaputra Asa Keramik Tbk.,
CAMP,Campina Ice Cream Industry Tbk.,
CARE,Metro Healthcare Indonesia Tbk.,
CARS,Industri dan Perdagangan Bintra,
CASA,Capital Financial Indonesia Tbk,
CASH,Cashlez Worldwide Indonesia Tbk,
CASS,Cahaya Aero Services Tbk.,
CBDK,Bangun Kosambi Sukses Tbk.,
CBPE,Citra Buana Prasida Tbk.,
CBRE,Cakra Buana Resources Energi Tb,
CBUT,Citra Borneo Utama Tbk.,
CCSI,Communication Cable Systems Ind,
CDIA,Chandra Daya Investasi Tbk.,
CEKA,Wilmar Cahaya Indonesia Tbk.,
CENT,Centratama Telekomunikasi Indon,
CFIN,Clipan Finance Indonesia Tbk,
CGAS,Citra Nusantara Gemilang Tbk.,
CHEK,Diastika Biotekindo Tbk.,
CHEM,Chemstar Indonesia Tbk.,
CHIP,Pelita Teknologi Global Tbk.,
CINT,Chitose Internasional Tbk.,
CITA,Cita Mineral Investindo Tbk,
CITY,Natura City Developments Tbk.,
CLAY,Citra Putra Realty Tbk.,
CLEO,Sariguna Primatirta Tbk.,
CLPI,Colorpak Indonesia Tbk,
CMNP,Citra Marga Nusaphala Persada T,
CMNT,Cemindo Gemilang Tbk.,
CMRY,Cisarua Mountain Dairy Tbk.,
CNMA,Nusantara Sejahtera Raya Tbk.,
COCO,Wahana Interfood Nusantara Tbk.,
COIN,Indokripto Koin Semesta Tbk.,
CPIN,Charoen Pokphand Indonesia Tbk,Consumer Non-Cyclicals
CPRO,Central Proteina Prima Tbk.,
CRAB,Toba Surimi Industries Tbk.,
CRSN,Carsurin Tbk.,
CSAP,Catur Sentosa Adiprana Tbk.,
CSIS,Cahayasakti Investindo Sukses T,
CSMI,Cipta Selera Murni Tbk.,
CSRA,Cisadane Sawit Raya Tbk.,
CTBN,Citra Tubindo Tbk,
CTRA,Ciputra Development Tbk,Properties & Real Estate
CTTH,Citatah Tbk.,
CUAN,Petrindo Jaya Kreasi Tbk.,
CYBR,ITSEC Asia Tbk.,
DAAZ,Daaz Bara Lestari Tbk.,
DADA,Diamond Citra Propertindo Tbk.,
DART,Duta Anggada Realty Tbk.,
DATA,Remala Abadi Tbk.,
DAYA,Duta Intidaya Tbk.,
DCII,DCI Indonesia Tbk.,Technology
DEFI,Danasupra Erapacific Tbk.,
DEPO,Caturkarda Depo Bangunan Tbk.,
DEWA,Darma Henwa Tbk,
DEWI,Dewi Shri Farmindo Tbk.,
DFAM,Dafam Property Indonesia Tbk.,
DGIK,Nusa Konstruksi Enjiniring Tbk.,
DGNS,Diagnos Laboratorium Utama Tbk.,
DGWG,Delta Giri Wacana Tbk.,
DILD,Intiland Development Tbk,Properties & Real Estate
DIVA,Distribusi Voucher Nusantara Tb,
DKFT,Central Omega Resources Tbk.,
DKHH,Cipta Sarana Medika Tbk.,
DLTA,Delta Djakarta Tbk,
DMAS,Puradelta Lestari Tbk.,Properties & Real Estate
DMMX,Digital Mediatama Maxima Tbk.,
DMND,Diamond Food Indonesia Tbk.,
DNAR,Bank Oke Indonesia Tbk.,
DNET,Indoritel Makmur Internasional,
DOID,BUMA Internasional Grup Tbk.,Energy
DOOH,Era Media Sejahtera Tbk.,
DOSS,Global Sukses Digital Tbk.,
DPUM,Dua Putra Utama Makmur Tbk.,
DRMA,Dharma Polimetal Tbk.,
DSFI,Dharma Samudera Fishing Industr,
DSNG,Dharma Satya Nusantara Tbk.,Consumer Non-Cyclicals
DSSA,Dian Swastatika Sentosa Tbk,Energy
DUTI,Duta Pertiwi Tbk,
DVLA,Darya-Varia Laboratoria Tbk,
DWGL,Dwi Guna Laksana Tbk.,
DYAN,Dyandra Media International Tbk,
EAST,Eastparc Hotel Tbk.,
ECII,Electronic City Indonesia Tbk.,
EKAD,Ekadharma International Tbk,
ELIT,Data Sinergitama Jaya Tbk.,
ELPI,Pelayaran Nasional Ekalya Purna,
ELSA,Elnusa Tbk,Energy
ELTY,Bakrieland Development Tbk,
EMAS,Merdeka Gold Resources Tbk.,
EMDE,Megapolitan Developments Tbk.,
EMMI,Esa Medika Mandiri Tbk.,
EMTK,Elang Mahkota Teknologi Tbk,Technology
ENAK,Champ Resto Indonesia Tbk.,
ENRG,Energi Mega Persada Tbk,
ENZO,Morenzo Abadi Perkasa Tbk.,
EPAC,Megalestari Epack Sentosaraya T,
EPMT,Enseval Putera Megatrading Tbk,
ERAA,Erajaya Swasembada Tbk.,Consumer Cyclicals
ERAL,Sinar Eka Selaras Tbk.,
ERTX,Eratex Djaja Tbk,
ESIP,Sinergi Inti Plastindo Tbk.,
ESSA,ESSA Industries Indonesia Tbk.,
ESTA,Esta Multi Usaha Tbk.,
ESTI,Ever Shine Tex Tbk.,
EURO,Estee Gold Feet Tbk.,
EXCL,XLSMART Telecom Sejahtera Tbk.,Infrastructures
FAPA,FAP Agri Tbk.,
FAST,Fast Food Indonesia Tbk,
FILM,MD Entertainment Tbk.,
FIRE,Alfa Energi Investama Tbk.,
FISH,FKS Multi Agro Tbk,
FITT,Fortune Resources Investment Tb,
FLMC,Falmaco Nonwoven Industri Tbk.,
FMII,Fortune Mate Indonesia Tbk,
FOLK,Multi Garam Utama Tbk.,
FORE,Fore Kopi Indonesia Tbk.,
FORU,Fortune Indonesia Tbk,
FPNI,Lotte Chemical Titan Tbk.,
FUJI,Fuji Finance Indonesia Tbk.,
FUTR,Futura Energi Global Tbk.,
FWCT,Wijaya Cahaya Timber Tbk.,
GDST,Gunawan Dianjaya Steel Tbk.,
GDYR,Goodyear Indonesia Tbk,
GEMA,Gema Grahasarana Tbk,
GEMS,Golden Energy Mines Tbk.,Energy
GGRM,Gudang Garam Tbk,Consumer Non-Cyclicals
GGRP,Gunung Raja Paksi Tbk.,
GHON,Gihon Telekomunikasi Indonesia,
GIAA,Garuda Indonesia (Persero) Tbk.,Transportation & Logistic
GJTL,Gajah Tunggal Tbk,Consumer Cyclicals
GLVA,Galva Technologies Tbk.,
GMFI,Garuda Maintenance Facility Aer,
GMTD,Gowa Makassar Tourism Developme,
GOLD,Visi Telekomunikasi Infrastrukt,
GOLF,Intra Golflink Resorts Tbk.,
GOOD,Garudafood Putra Putri Jaya Tbk,
GOTO,GoTo Gojek Tokopedia Tbk.,Technology
GPRA,Perdana Gapuraprima Tbk,
GPSO,Geoprima Solusi Tbk.,
GRIA,Ingria Pratama Capitalindo Tbk.,
GRPH,Griptha Putra Persada Tbk.,
GRPM,Graha Prima Mentari Tbk.,
GSMF,Equity Development Investment T,
GTBO,Garda Tujuh Buana Tbk,
GTRA,Grahaprima Suksesmandiri Tbk.,
GTSI,GTS Internasional Tbk.,
GULA,Aman Agrindo Tbk.,
GUNA,Gunanusa Eramandiri Tbk.,
GWSA,Greenwood Sejahtera Tbk.,
GZCO,Gozco Plantations Tbk,
HADE,Himalaya Energi Perkasa Tbk.,
HAIS,Hasnur Internasional Shipping T,
HAJJ,Arsy Buana Travelindo Tbk.,
HALO,Haloni Jane Tbk.,
HATM,Habco Trans Maritima Tbk.,
HBAT,Minahasa Membangun Hebat Tbk.,
HDFA,Radana Bhaskara Finance Tbk.,
HDIT,Hensel Davest Indonesia Tbk.,
HEAL,Medikaloka Hermina Tbk.,Healthcare
HELI,Jaya Trishindo Tbk.,
HERO,DFI Retail Nusantara Tbk.,
HEXA,Hexindo Adiperkasa Tbk,Industrials
HGII,Hero Global Investment Tbk.,
HMSP,H.M. Sampoerna Tbk.,Consumer Non-Cyclicals
HOKI,Buyung Poetra Sembada Tbk.,
HOMI,Grand House Mulia Tbk.,
HOPE,Harapan Duta Pertiwi Tbk.,
HRME,Menteng Heritage Realty Tbk.,
HRTA,Hartadinata Abadi Tbk.,
HRUM,Harum Energy Tbk.,Energy
HUMI,Humpuss Maritim Internasional T,
HYGN,Ecocare Indo Pasifik Tbk.,
IATA,Karya Pacific Energy Tbk.,
IBOS,Indo Boga Sukses Tbk.,
ICBP,Indofood CBP Sukses Makmur Tbk.,Consumer Non-Cyclicals
ICON,Island Concepts Indonesia Tbk.,
IDEA,Idea Indonesia Akademi Tbk.,
IDPR,Indonesia Pondasi Raya Tbk.,
IFII,Indonesia Fibreboard Industry T,
IFSH,Ifishdeco Tbk.,
IGAR,Champion Pacific Indonesia Tbk.,
IKAI,Intikeramik Alamasri Industri T,
IKAN,Era Mandiri Cemerlang Tbk.,
IKBI,Sumi Indo Kabel Tbk,
IKPM,Ikapharmindo Putramas Tbk.,
IMAS,Indomobil Sukses Internasional,
IMJS,Indomobil Multi Jasa Tbk.,
IMPC,Impack Pratama Industri Tbk.,
INAF,Indofarma,Healthcare
INAI,Indal Aluminium Industry Tbk,
INCI,Intanwijaya Internasional Tbk,
INCO,Vale Indonesia Tbk.,Basic Materials
INDF,Indofood Sukses Makmur Tbk,Consumer Non-Cyclicals
INDO,Royalindo Investa Wijaya Tbk.,
INDR,Indo-Rama Synthetics Tbk.,
INDS,Indospring Tbk,
INDY,Indika Energy Tbk,Energy
INET,Sinergi Inti Andalan Prima Tbk.,
INKP,Indah Kiat Pulp & Paper Tbk.,Basic Materials
INOV,Inocycle Technology Group Tbk.,
INPC,Bank Artha Graha Internasional,
INPP,Indonesian Paradise Property Tb,
INTD,Inter Delta Tbk,
INTP,Indocement Tunggal Prakarsa Tbk,Basic Materials
IOTF,Sumber Sinergi Makmur Tbk.,
IPCC,Indonesia Kendaraan Terminal Tb,
IPCM,Jasa Armada Indonesia Tbk.,Transportation & Logistic
IPOL,Indopoly Swakarsa Industry Tbk.,
IPTV,MNC Vision Networks Tbk.,
IRRA,Itama Ranoraya Tbk.,
IRSX,Folago Global Nusantara Tbk.,
ISAP,Isra Presisi Indonesia Tbk.,
ISAT,Indosat Tbk,Infrastructures
ISEA,Indo American Seafoods Tbk.,
ISSP,Steel Pipe Industry of Indonesi,
ITIC,Indonesian Tobacco Tbk.,
ITMA,Sumber Energi Andalan Tbk.,
ITMG,Indo Tambangraya Megah Tbk,Energy
JARR,Jhonlin Agro Raya Tbk.,
JAST,Jasnita Telekomindo Tbk.,
JATI,Informasi Teknologi Indonesia T,
JAWA,Jaya Agra Wattie Tbk.,
JAYA,Armada Berjaya Trans Tbk.,
JECC,Jembo Cable Company Tbk,
JECX,Nitrasanata Dharma Tbk.,
JELI,Niramas Utama Tbk.,
JGLE,Graha Andrasentra Propertindo T,
JIHD,Jakarta International  Hotels &,
JKON,Jaya Konstruksi Manggala Pratam,
JPFA,Japfa Comfeed Indonesia Tbk.,Consumer Non-Cyclicals
JRPT,Jaya Real Property Tbk,
JSMR,Jasa Marga (Persero) Tbk,Infrastructures
JSPT,Jakarta Setiabudi Internasional,
JTPE,Jasuindo Tiga Perkasa Tbk,
KAEF,Kimia Farma (Persero) Tbk.,Healthcare
KAQI,Jantra Grupo Indonesia Tbk.,
KBAG,Karya Bersama Anugerah Tbk.,
KBLI,KMI Wire & Cable Tbk.,
KBLM,Kabelindo Murni Tbk,
KBLV,First Media Tbk.,
KDSI,Kedawung Setia Industrial Tbk.,
KDTN,Puri Sentul Permai Tbk.,
KEEN,Kencana Energi Lestari Tbk.,
KEJU,Mulia Boga Raya Tbk.,
KETR,Ketrosden Triasmitra Tbk.,
KICI,Kedaung Indah Can Tbk,
KIJA,Kawasan Industri Jababeka Tbk,Properties & Real Estate
KING,Hoffmen Cleanindo Tbk.,
KINO,Kino Indonesia Tbk.,
KIOS,Kioson Komersial Indonesia Tbk.,
KJEN,Krida Jaringan Nusantara Tbk.,
KKES,Kusuma Kemindo Sentosa Tbk.,
KKGI,Resource Alam Indonesia Tbk,
KLAS,Pelayaran Kurnia Lautan Semesta,
KLBF,Kalbe Farma Tbk,Healthcare
KLIN,Klinko Karya Imaji Tbk.,
KMDS,Kurniamitra Duta Sentosa Tbk.,
KMTR,Kirana Megatara Tbk.,
KOBX,Kobexindo Tractors Tbk.,
KOCI,Kokoh Exa Nusantara Tbk.,
KOKA,Koka Indonesia Tbk.,
KONI,Perdana Bangun Pusaka Tbk,
KOPI,Mitra Energi Persada Tbk.,
KOTA,DMS Propertindo Tbk.,
KPIG,MNC Tourism Indonesia Tbk.,
KRAS,Krakatau Steel (Persero) Tbk.,
KREN,Quantum Clovera Investama Tbk.,
KRYA,Bangun Karya Perkasa Jaya Tbk.,
KSIX,Kentanix Supra International Tb,
KUAS,Ace Oldfields Tbk.,
LABA,Green Power Group Tbk.,
LABS,UBC Medical Indonesia Tbk.,
LAJU,Jasa Berdikari Logistics Tbk.,
LAND,Trimitra Propertindo Tbk.,
LAPD,Leyand International Tbk,
LEAD,Logindo Samudramakmur Tbk.,
LFLO,Imago Mulia Persada Tbk.,
LIFE,MSIG Life Insurance Indonesia T,
LINK,Link Net Tbk.,
LION,Lion Metal Works Tbk,
LIVE,Homeco Victoria Makmur Tbk.,
LMAX,Lupromax Pelumas Indonesia Tbk.,
LMPI,Langgeng Makmur Industri Tbk.,
LOPI,Logisticsplus International Tbk,
LPCK,Lippo Cikarang Tbk,
LPGI,Lippo General Insurance Tbk,
LPIN,Multi Prima Sejahtera Tbk,
LPKR,Lippo Karawaci Tbk,Properties & Real Estate
LPLI,Star Pacific Tbk,
LPPF,MDS Retailing Tbk.,Consumer Cyclicals
LPPS,Lenox Pasifik Investama Tbk.,
LRNA,Eka Sari Lorena Transport Tbk.,
LSIP,PP London Sumatra Indonesia Tbk,Consumer Non-Cyclicals
LTLS,Lautan Luas Tbk,
LUCK,Sentral Mitra Informatika Tbk.,
LUCY,Lima Dua Lima Tiga Tbk.,
MAHA,Mandiri Herindo Adiperkasa Tbk.,
MAIN,Malindo Feedmill Tbk,Consumer Non-Cyclicals
MANG,Manggung Polahraya Tbk.,
MAPA,Map Aktif Adiperkasa Tbk.,
MAPB,MAP Boga Adiperkasa Tbk.,
MAPI,Mitra Adiperkasa Tbk,Consumer Cyclicals
MARK,Mark Dynamics Indonesia Tbk.,
MASB,Bank Multiarta Sentosa Tbk.,
MAXI,Maxindo Karya Anugerah Tbk.,
MAYA,Bank Mayapada Internasional Tbk,
MBAP,Mitrabara Adiperdana Tbk.,
MBMA,Merdeka Battery Materials Tbk.,Basic Materials
MBSS,Mitrabahtera Segara Sejati Tbk.,
MBTO,Martina Berto Tbk.,
MCAS,M Cash Integrasi Tbk.,
MCOL,Prima Andalan Mandiri Tbk.,
MCOR,Bank China Construction Bank In,
MDIA,Intermedia Capital Tbk.,
MDIY,Daya Intiguna Yasa Tbk.,
MDKA,Merdeka Copper Gold Tbk.,Basic Materials
MDKI,Emdeki Utama Tbk.,
MDLA,Medela Potentia Tbk.,
MDLN,Modernland Realty Tbk.,
MEDC,Medco Energi Internasional Tbk.,Energy
MEDS,Hetzer Medical Indonesia Tbk.,
MEGA,Bank Mega Tbk,Financials
MEJA,Harta Djaya Karya Tbk.,
MERI,Merry Riana Edukasi Tbk.,
MERK,Merck Tbk,
MFIN,Mandala Multifinance,Financials
MGLV,NexAI Digital Infrastruktur Tbk,
MGNA,Magna Investama Mandiri Tbk.,
MGRO,Mahkota Group Tbk.,
MHKI,Multi Hanna Kreasindo Tbk.,
MICE,Multi Indocitra Tbk,
MIDI,Midi Utama Indonesia Tbk.,Consumer Cyclicals
MIKA,Mitra Keluarga Karyasehat Tbk.,Healthcare
MINA,Sanurhasta Mitra Tbk.,
MINE,Sinar Terang Mandiri Tbk.,
MIRA,Mitra International Resources T,
MITI,Mitra Investindo Tbk,
MKAP,Multikarya Asia Pasifik Raya Tb,
MKPI,Metropolitan Kentjana Tbk,
MKTR,Menthobi Karyatama Raya Tbk.,
MLBI,Multi Bintang Indonesia Tbk,Consumer Non-Cyclicals
MLIA,Mulia Industrindo Tbk,
MLPL,Multipolar Tbk,
MLPT,Multipolar Technology Tbk.,
MMIX,Multi Medika Internasional Tbk.,
MMLP,Mega Manunggal Property Tbk.,
MNCN,Media Nusantara Citra Tbk,Consumer Cyclicals
MOLI,Madusari Murni Indah Tbk.,
MORA,Ekamas Mora Republik Tbk.,
MPIX,Mitra Pedagang Indonesia Tbk.,
MPMX,Mitra Pinasthika Mustika Tbk.,Consumer Cyclicals
MPOW,Megapower Makmur Tbk.,
MPPA,Matahari Putra Prima Tbk,
MPRO,Maha Properti Indonesia Tbk.,
MPXL,MPX Logistics International Tbk,
MRAT,Mustika Ratu Tbk,
MSIE,Multisarana Intan Eduka Tbk.,
MSIN,MNC Digital Entertainment Tbk.,
MSJA,Multi Spunindo Jaya Tbk.,
MSKY,MNC Sky Vision Tbk.,
MSTI,Mastersystem Infotama Tbk.,
MTDL,Metrodata Electronics Tbk,Technology
MTEL,Dayamitra Telekomunikasi Tbk.,Infrastructures
MTLA,Metropolitan Land Tbk.,
MTMH,Murni Sadar Tbk.,
MTWI,Malacca Trust Wuwungan Insuranc,
MUTU,Mutuagung Lestari Tbk.,
MYOH,Samindo Resources Tbk.,
MYOR,Mayora Indah Tbk,Consumer Non-Cyclicals
NAIK,Adiwarna Anugerah Abadi Tbk.,
NANO,Nanotech Indonesia Global Tbk.,
NASA,Andalan Perkasa Abadi Tbk.,
NASI,Wahana Inti Makmur Tbk.,
NATO,Olympus Strategic Indonesia Tbk,
NAYZ,Hassana Boga Sejahtera Tbk.,
NCKL,Trimegah Bangun Persada Tbk.,Basic Materials
NELY,Pelayaran Nelly Dwi Putri Tbk.,
NEST,Esta Indonesia Tbk.,
NETV,MDTV Media Technologies Tbk.,
NFCX,NFC Indonesia Tbk.,
NICE,Adhi Kartiko Pratama Tbk.,
NICL,PAM Mineral Tbk.,
NIKL,Pelat Timah Nusantara Tbk.,
NINE,Techno9 Indonesia Tbk.,
NIRO,City Retail Developments Tbk.,
NISP,Bank OCBC NISP Tbk,Financials
NOBU,Bank Nationalnobu Tbk.,
NPGF,Nusa Palapa Gemilang Tbk.,
NRCA,Nusa Raya Cipta Tbk.,
NSSS,Nusantara Sawit Sejahtera Tbk.,
NTBK,Nusatama Berkah Tbk.,
NZIA,Nusantara Almazia Tbk.,
OASA,Maharaksa Biru Energi Tbk.,
OBAT,Brigit Biofarmaka Teknologi Tbk,
OBMD,OBM Drilchem Tbk.,
OILS,Indo Oil Perkasa Tbk.,
OKAS,Ancora Indonesia Resources Tbk,
OLIV,Atlas Nexus Group Tbk.,
OMED,Jayamas Medica Industri Tbk.,
OMRE,Indonesia Prima Property Tbk,
OPMS,Optima Prima Metal Sinergi Tbk.,
PACK,Abadi Nusantara Hijau Investama,
PADA,Personel Alih Daya Tbk.,
PADI,Minna Padi Investama Sekuritas,
PALM,Provident Investasi Bersama Tbk,
PAMG,Bima Sakti Pertiwi Tbk.,
PANI,Pantai Indah Kapuk Dua Tbk.,Properties & Real Estate
PANR,Panorama Sentrawisata Tbk,
PANS,Panin Sekuritas Tbk,
PART,Cipta Perdana Lancar Tbk.,
PBID,Panca Budi Idaman Tbk.,
PBRX,Pan Brothers Tbk.,
PBSA,Paramita Bangun Sarana Tbk.,
PCAR,Prima Cakrawala Abadi Tbk.,
PDES,Destinasi Tirta Nusantara Tbk,
PDPP,Primadaya Plastisindo Tbk.,
PEGE,Panca Global Kapital Tbk.,
PEHA,Phapros Tbk.,
PEVE,Penta Valent Tbk.,
PGAS,Perusahaan Gas Negara (Persero),Energy
PGEO,Pertamina Geothermal Energy Tbk,Infrastructures
PGJO,Bahtera Bumi Raya Tbk.,
PGLI,Pembangunan Graha Lestari Indah,
PGUN,Pradiksi Gunatama Tbk.,
PICO,Pelangi Indah Canindo Tbk,
PIPA,Oxala Energy International Tbk.,
PJAA,Pembangunan Jaya Ancol Tbk,
PJHB,Pelayaran Jaya Hidup Baru Tbk.,
PKPK,Paragon Karya Perkasa Tbk.,
PLAN,Planet Properindo Jaya Tbk.,
PMJS,Putra Mandiri Jembar Tbk.,
PMUI,Prima Multi Usaha Indonesia Tbk,
PNBN,Bank Pan Indonesia Tbk,Financials
PNBS,Bank Panin Dubai Syariah Tbk.,
PNGO,AEP Pinago Plantations Tbk.,
PNIN,Paninvest Tbk,
PNLF,Panin Financial Tbk,
PNSE,Pudjiadi & Sons Tbk.,
POLA,Pool Advista Finance Tbk.,
POLI,Pollux Hotels Group Tbk.,
POLU,Golden Flower Tbk.,
PORT,Nusantara Pelabuhan Handal Tbk.,
POWR,Cikarang Listrindo Tbk.,
PPRE,PP Presisi Tbk.,
PPRI,Paperocks Indonesia Tbk.,
PPRO,PP Properti Tbk.,
PRAY,Famon Awal Bros Sedaya Tbk.,
PRDA,Prodia Widyahusada Tbk.,Healthcare
PRDL,Prodia Diagnostic Line Tbk.,
PRIM,Royal Prima Tbk.,
PSAB,J Resources Asia Pasifik Tbk.,
PSAT,Pancaran Samudera Transport Tbk,
PSDN,Prasidha Aneka Niaga Tbk,
PSGO,Palma Serasih Tbk.,
PSKT,Red Planet Indonesia Tbk.,
PSSI,IMC Pelita Logistik Tbk.,
PTBA,Bukit Asam (Persero) Tbk.,Energy
PTIS,Indo Straits Tbk.,
PTMP,Mitra Pack Tbk.,
PTPP,PP (Persero) Tbk.,
PTPS,Pulau Subur Tbk.,
PTPW,Pratama Widya Tbk.,
PTRO,Petrosea Tbk,Energy
PTSN,Sat Nusapersada Tbk,
PTSP,Pioneerindo Gourmet Internation,
PUDP,Pudjiadi Prestige Tbk.,
PURA,Putra Rajawali Kencana Tbk.,
PURI,Puri Global Sukses Tbk.,
PWON,Pakuwon Jati Tbk.,Properties & Real Estate
PYFA,Pyridam Farma Tbk,
PZZA,Sarimelati Kencana Tbk.,
RAAM,Tripar Multivision Plus Tbk.,
RAJA,Rukun Raharja Tbk,Energy
RALS,Ramayana Lestari Sentosa Tbk,Consumer Cyclicals
RANC,Supra Boga Lestari Tbk.,
RANS,Rans Entertainmen Indonesia Tbk,
RATU,Raharja Energi Cepu Tbk.,
RBMS,Ristia Bintang Mahkotasejati Tb,
RCCC,Utama Radar Cahaya Tbk.,
RDTX,Roda Vivatex Tbk,
REAL,Repower Asia Indonesia Tbk.,
RELF,Graha Mitra Asia Tbk.,
RELI,Reliance Sekuritas Indonesia Tb,
RGAS,Kian Santang Muliatama Tbk.,
RICY,Ricky Putra Globalindo Tbk,
RIGS,Rig Tenders Indonesia Tbk.,
RISE,Jaya Sukses Makmur Sentosa Tbk.,
RLCO,Abadi Lestari Indonesia Tbk.,
RMKE,RMK Energy Tbk.,
RMKO,Royaltama Mulia Kontraktorindo,
ROCK,Rockfields Properti Indonesia T,
RODA,Pikko Land Development Tbk.,
RONY,Aracord Nusantara Group Tbk.,
ROTI,Nippon Indosari Corpindo Tbk.,
RSCH,Charlie Hospital Semarang Tbk.,
RSGK,Kedoya Adyaraya Tbk.,
RUIS,Radiant Utama Interinsco Tbk,
RUNS,Global Sukses Solusi Tbk.,
SAFE,Steady Safe Tbk,
SAGE,Saptausaha Gemilangindah Tbk.,
SAME,Sarana Meditama Metropolitan Tb,Healthcare
SAMF,Saraswanti Anugerah Makmur Tbk.,
SAPX,Satria Antaran Prima Tbk.,
SATU,Kota Satu Properti Tbk.,
SBMA,Surya Biru Murni Acetylene Tbk.,
SCCO,Supreme Cable Manufacturing & C,
SCMA,Surya Citra Media Tbk,Consumer Cyclicals
SCNP,Selaras Citra Nusantara Perkasa,
SDMU,Sidomulyo Selaras Tbk.,
SDPC,Millennium Pharmacon Internatio,
SDRA,Bank Woori Saudara Indonesia 19,
SEMA,Semacom Integrated Tbk.,
SFAN,Surya Fajar Capital Tbk.,
SGER,Sumber Global Energy Tbk.,
SGRO,Prime Agri Resources Tbk.,Consumer Non-Cyclicals
SHID,Hotel Sahid Jaya International,
SHIP,Sillo Maritime Perdana Tbk.,
SICO,Sigma Energy Compressindo Tbk.,
SIDO,Industri Jamu dan Farmasi Sido,Consumer Non-Cyclicals
SILO,Siloam International Hospitals,Healthcare
SIMP,Salim Ivomas Pratama Tbk.,
SINI,Singaraja Putra Tbk.,
SIPD,Sreeya Sewu Indonesia Tbk.,
SKBM,Sekar Bumi Tbk.,
SKLT,Sekar Laut Tbk,
SKRN,Superkrane Mitra Utama Tbk.,
SLIS,Gaya Abadi Sempurna Tbk.,
SMAR,Sinar Mas Agro Resources and Te,
SMBR,Semen Baturaja (Persero) Tbk.,Basic Materials
SMCB,Solusi Bangun Indonesia,Basic Materials
SMDM,Suryamas Dutamakmur Tbk,
SMDR,Samudera Indonesia  Tbk,Transportation & Logistic
SMGA,Sumber Mineral Global Abadi Tbk,
SMGR,Semen Indonesia (Persero) Tbk.,Basic Materials
SMIL,Sarana Mitra Luas Tbk.,
SMKL,Satyamitra Kemas Lestari Tbk.,
SMKM,Sumber Mas Konstruksi Tbk.,
SMLE,Sinergi Multi Lestarindo Tbk.,
SMMA,Sinarmas Multiartha Tbk.,
SMMT,Golden Eagle Energy Tbk.,
SMRA,Summarecon Agung Tbk,Properties & Real Estate
SMSM,Selamat Sempurna Tbk,Consumer Cyclicals
SNLK,Sunter Lakeside Hotel Tbk.,
SOCI,Soechi Lines Tbk.,
SOFA,Solusi Environment Asia Tbk.,
SOHO,Soho Global Health Tbk.,
SOLA,Xolare RCR Energy Tbk.,
SONA,Sona Topas Tourism Industry Tbk,
SOSS,ALSOK Indonesia Services Tbk.,
SOTS,Satria Mega Kencana Tbk.,
SPMA,Suparma Tbk,
SPRE,Soraya Berjaya Indonesia Tbk.,
SPTO,Surya Pertiwi Tbk.,
SQMI,Wilton Makmur Indonesia Tbk.,
SRAJ,Sejahteraraya Anugrahjaya Tbk.,
SRSN,Indo Acidatama Tbk,
SRTG,Saratoga Investama Sedaya Tbk.,
SSIA,Surya Semesta Internusa Tbk,
SSMS,Sawit Sumbermas Sarana Tbk.,
SSTM,Sunson Textile Manufacture Tbk,
STAA,Sumber Tani Agung Resources Tbk,
STAR,Calculus Global Ventures Tbk.,
STRK,Lovina Beach Brewery Tbk.,
STTP,Siantar Top Tbk.,
SULI,SLJ Global Tbk.,
SUNI,Sunindo Pratama Tbk.,
SUPA,Super Bank Indonesia Tbk.,
SURE,Super Energy Tbk.,
SURI,Maja Agung Latexindo Tbk.,
SWID,Saraswanti Indoland Development,
TALF,Tunas Alfin Tbk.,
TAMA,Lancartama Sejati Tbk.,
TAMU,Pelayaran Tamarin Samudra Tbk.,
TAPG,Triputra Agro Persada Tbk.,
TARA,Agung Semesta Sejahtera Tbk.,
TAXI,Express Transindo Utama Tbk.,
TBIG,Tower Bersama Infrastructure Tb,Infrastructures
TBLA,Tunas Baru Lampung Tbk,Consumer Non-Cyclicals
TBMS,Tembaga Mulia Semanan Tbk,
TCID,Mandom Indonesia Tbk,
TCPI,Transcoal Pacific Tbk.,
TEBE,Dana Brata Luhur Tbk.,
TFAS,Telefast Indonesia Tbk.,
TFCO,Tifico Fiber Indonesia Tbk.,
TGKA,Tigaraksa Satria Tbk,
TGUK,Platinum Wahab Nusantara Tbk.,
TIFA,KDB Tifa Finance Tbk.,
TINS,TIMAH (Persero) Tbk.,Basic Materials
TIRA,Tira Austenite Tbk,
TKIM,Pabrik Kertas Tjiwi Kimia Tbk,Basic Materials
TLDN,Teladan Prima Agro Tbk.,
TLKM,Telkom Indonesia (Persero) Tbk.,Infrastructures
TMAS,Temas Tbk.,Transportation & Logistic
TMPO,Tempo Intimedia Tbk.,
TNCA,Trimuda Nuansa Citra Tbk.,
TOBA,TBS Energi Utama Tbk.,Energy
TOOL,Rohartindo Nusantara Luas Tbk.,
TOSK,Topindo Solusi Komunika Tbk.,
TOTL,Total Bangun Persada Tbk,
TOTO,Surya Toto Indonesia Tbk,
TOWR,Sarana Menara Nusantara Tbk.,Infrastructures
TPIA,Chandra Asri Pacific Tbk.,Basic Materials
TPMA,Trans Power Marine Tbk.,
TRGU,Cerestar Indonesia Tbk.,
TRIM,Trimegah Sekuritas Indonesia Tb,
TRIN,Perintis Triniti Properti Tbk.,
TRIS,Trisula International Tbk.,
TRJA,Transkon Jaya Tbk.,
TRON,Teknologi Karya Digital Nusa Tb,
TRST,Trias Sentosa Tbk,
TRUE,Triniti Dinamik Tbk.,
TRUS,Trust Finance Indonesia Tbk,
TSPC,Tempo Scan Pacific Tbk,Healthcare
TUGU,Asuransi Tugu Pratama Indonesia,
TYRE,King Tire Indonesia Tbk.,
UANG,Pakuan Tbk.,
UCID,Uni-Charm Indonesia Tbk.,
UDNG,Agro Bahari Nusantara Tbk.,
UFOE,Damai Sejahtera Abadi Tbk.,
ULTJ,Ultrajaya Milk Industry & Tradi,Consumer Non-Cyclicals
UNIC,Unggul Indah Cahaya Tbk,
UNIQ,Ulima Nitra Tbk.,
UNSP,Bakrie Sumatera Plantations Tbk,
UNTD,Terang Dunia Internusa Tbk.,
UNTR,United Tractors Tbk,Industrials
UNVR,Unilever Indonesia Tbk,Consumer Non-Cyclicals
URBN,Urban Jakarta Propertindo Tbk.,
UVCR,Trimegah Karya Pratama Tbk.,
VAST,Vastland Indonesia Tbk.,
VERN,Verona Indah Pictures Tbk.,
VICI,Victoria Care Indonesia Tbk.,
VICO,Victoria Investama Tbk.,
VINS,Victoria Insurance Tbk.,
VISI,Satu Visi Putra Tbk.,
VIVA,Visi Media Asia Tbk.,
VKTR,VKTR Teknologi Mobilitas Tbk.,
VOKS,Voksel Electric Tbk,
VRNA,Mizuho Leasing Indonesia Tbk.,
VTNY,Venteny Fortuna International T,
WAPO,Wahana Pronatural Tbk.,
WBSA,BSA Logistics Indonesia Tbk.,
WEGE,Wijaya Karya Bangunan Gedung Tb,
WEHA,WEHA Transportasi Indonesia Tbk,
WGSH,Wira Global Solusi Tbk.,
WIDI,Widiant Jaya Krenindo Tbk.,
WIFI,Solusi Sinergi Digital Tbk.,
WIIM,Wismilak Inti Makmur Tbk.,
WINE,Hatten Bali Tbk.,
WINR,Winner Nusantara Jaya Tbk.,
WINS,Wintermar Offshore Marine Tbk.,
WIRG,WIR ASIA Tbk.,
WMPP,Widodo Makmur Perkasa Tbk.,
WMUU,Widodo Makmur Unggas Tbk.,
WOMF,Wahana Ottomitra Multiartha Tbk,
WOOD,Integra Indocabinet Tbk.,
WOWS,Ginting Jaya Energi Tbk.,
WTON,Wijaya Karya Beton Tbk.,
YELO,Yelooo Integra Datanet Tbk.,
YOII,Asuransi Digital Bersama Tbk.,
YPAS,Yanaprima Hastapersada Tbk,
YULE,Yulie Sekuritas Indonesia Tbk.,
YUPI,Yupi Indo Jelly Gum Tbk.,
ZATA,Bersama Zatta Jaya Tbk.,
ZONE,Mega Perintis Tbk.,
ZYRX,Zyrexindo Mandiri Buana Tbk.,
